Servicio AWS,Azure,GCP,Open Source,Quality,Notes_ES,Notes_EN
AccessAnalyzer,Microsoft Entra Permissions Management (CIEM) / Microsoft Defender for Cloud,IAM Recommender,Cloud Custodian + OPA/Conftest,APPROX,"Equivalencia por función (análisis/recomendaciones de permisos/exposición), no 1:1; AWS usa análisis formal (Access Analyzer) y otros suelen apoyarse en telemetría/heurísticas (CIEM/recommenders).","Functionally equivalent (permission/exposure analysis and recommendations), not 1:1; AWS uses formal analysis (IAM Access Analyzer) while others typically rely on telemetry/heuristics (CIEM/recommenders)."
ACM,Azure Key Vault Certificates (+ App Service managed cert si aplica),Certificate Manager,Cert-manager / Let's Encrypt,CLOSE,"Gestión de certificados TLS. Equivalencia cercana; difieren flujos (DNS/HTTP), automatización y acoplamiento a servicios. En OSS, cert-manager + ACME (Let's Encrypt) suele cubrir la paridad.","TLS certificate management. Close equivalent; workflows (DNS/HTTP), automation, and service coupling differ. In OSS, cert-manager + ACME (Let's Encrypt) usually provides comparable coverage."
ALB,Application Gateway,HTTP(S) Load Balancing,Nginx / HAProxy,CLOSE,"Balanceador L7; diferencias en features (reglas de ruteo, integración con WAF nativo y gestión de certificados).","Layer‑7 load balancer; feature differences (routing rules, native WAF integration, certificate/TLS handling)."
AlexaForBusiness,,,,,No es servicio cloud core; es producto de usuario final. AWS lo deprecó; marcar NA.,Not a core cloud service; it is an end‑user product. AWS deprecated it; mark as NA.
AmazonML,Azure Machine Learning,Vertex AI,Kubeflow / MLflow (scikit-learn como librería),APPROX,"Amazon ML es un servicio legacy; el reemplazo real es una plataforma de ML moderna (Azure ML / Vertex AI / Kubeflow), sin paridad 1:1 de features/flujo.","Amazon ML is a legacy service; the real replacement is a modern ML platform (Azure ML / Vertex AI / Kubeflow), with no 1:1 parity in features/flow."
AmazonMQ,Azure Service Bus / RabbitMQ,Pub/Sub / RabbitMQ,RabbitMQ / ActiveMQ,APPROX,"AWS ofrece brokers managed (ActiveMQ/RabbitMQ). En Azure/GCP no hay 1:1; si necesitas AMQP/JMS usa RabbitMQ/ActiveMQ (self-host/marketplace). Si solo colas, Service Bus/PubSub sirven.","AWS provides managed brokers (ActiveMQ/RabbitMQ). There is no 1:1 in Azure/GCP; if you need AMQP/JMS use RabbitMQ/ActiveMQ (self‑host/marketplace). If you only need queues/pub‑sub, Service Bus/Pub/Sub are sufficient."
AMI,Managed Image,Compute Engine Image,Packer,CLOSE,Equivalente conceptual a imagen de VM (golden image). Packer ayuda a estandarizar el build multi-nube; metadatos/marketplace difieren.,Conceptually equivalent to a VM golden image. Packer helps standardize multi‑cloud image builds; metadata/marketplace mechanics differ.
Amplify,Static Web Apps,Firebase,Appwrite / PocketBase,APPROX,Plataforma fullstack (hosting + auth + CI/CD); equivalencia depende de qué parte uses. Requiere combinar servicios en Azure/GCP para paridad total.,Full‑stack platform (hosting + auth + CI/CD); equivalence depends on which parts you use. Achieving full parity requires combining services in Azure/GCP.
ApiGateway,API Management,API Gateway,Kong / Tyk,CLOSE,"API management/gateway; equivalente funcional cercano, pero cambia el modelo de políticas de tráfico, cuotas y autenticación nativa.","API management/gateway; close functional equivalent, but the model for traffic policies, quotas, and built‑in authentication differs."
AppDiscovery,Azure Migrate,Migration Center,Open-AudIT / NetBox + Nmap,APPROX,"Discovery para migración; equivalencia por intención, no 1:1. Depende de agentes y profundidad del análisis de dependencias de red.","Migration discovery; equivalence by intent, not 1:1. Depends on agents and the depth of dependency/network analysis."
AppStream,Azure Virtual Desktop,Itopia,Apache Guacamole,APPROX,Streaming de apps gestionado; no hay OSS/Cloud 1:1 perfecto por el uso de protocolos propietarios de baja latencia (STX/NICE DCV).,Managed app/desktop streaming; no perfect 1:1 OSS/cloud match due to proprietary low‑latency protocols and user‑experience differences.
AppSync,API Management (GraphQL),Apigee + Cloud Run (GraphQL) (aprox.),Hasura / Apollo Server,APPROX,AppSync incluye GraphQL + sync/offline + resolvers + auth integrado. En otros clouds se logra combinando GraphQL (Apollo/Hasura) + auth + DB/streams; por eso es APPROX.,Includes GraphQL + sync/offline + resolvers + integrated auth. In other clouds it is built by combining GraphQL (Apollo/Hasura) + auth + DB/streams; therefore APPROX.
Athena,Synapse (Serverless),BigQuery,Trino / Presto,CLOSE,Equivalente depende del patrón: SQL serverless sobre data lake -> BigQuery/Trino. Requiere metastore/catálogo (Glue/Hive).,Equivalent depends on the pattern: serverless SQL over a data lake → BigQuery/Trino. Requires a metastore/catalog (Glue/Hive) in many setups.
Aurora,Azure Database for PostgreSQL/MySQL (managed),AlloyDB,PostgreSQL/MySQL + Patroni (HA) (aprox.),CLOSE,"RDBMS managed compatible MySQL/Postgres; capacidades específicas de Aurora (storage/replicas/compat) no siempre replican 1:1. Alternativa OSS requiere HA (p.ej., Patroni) y tuning.",Managed RDBMS compatible with MySQL/Postgres; Aurora‑specific capabilities (storage/replication) do not always map 1:1 to other managed databases.
AutoScaling,Autoscale Settings,Autoscaler,K8s HPA,CLOSE,"Equivalencia por patrón de elasticidad (VM/K8s), pero el mecanismo de cooldown y triggers de escalado nativos difiere.","Elasticity pattern equivalence (VM/K8s), but triggers, cooldowns, and scaling semantics differ across platforms."
AWSConfig,Azure Policy,Cloud Asset Inventory,Cloud Custodian,APPROX,"Compliance/policy; equivalencia por función, no 1:1. AWSConfig registra historial de cambios; Azure Policy es preventivo en tiempo real.","Compliance/policy; functionally equivalent, not 1:1. AWS Config records configuration history; Azure Policy is more preventative/guardrail‑oriented."
Batch,Azure Batch,Cloud Batch,Slurm / HTCondor / Volcano (K8s batch),CLOSE,"Batch scheduling a gran escala. Equivalencia cercana; difieren integraciones (spot/preemibles, colas, prioridades y plugins).","Large‑scale batch scheduling. Close equivalent; features differ (queue management, priorities, spot/preemptible integration)."
BeanStalk,App Service,App Engine,Dokku,APPROX,"PaaS clásico; equivalente funcional para despliegue rápido, pero introduce lock-in operativo frente al uso de contenedores (ECS/EKS).","Classic PaaS; functional equivalent for rapid deployment, but introduces operational lock‑in compared with container/K8s approaches."
Chime,Microsoft Teams,Google Meet,Jitsi / Zulip,APPROX,Comunicación/collab; depende del caso: meetings (app) vs SDK de infraestructura de video para integración personalizada.,Communication/collaboration; depends on the use case: meetings app vs video infrastructure SDK for custom integration.
CloudFormation,ARM Templates / Bicep,Infrastructure Manager (Terraform) (recomendado) / Deployment Manager (deprecado),Terraform / Pulumi,CLOSE,"IaC nativo. En GCP, Deployment Manager está en deprecación y se recomienda migrar a Infrastructure Manager/Terraform. OSS típico: Terraform/Pulumi.","Native IaC. In GCP, Deployment Manager is deprecated; Terraform/Infrastructure Manager is the practical alternative. OSS/OpenTofu is the neutral equivalent."
CloudFront,Azure Front Door / CDN,Cloud CDN,Varnish / Nginx,CLOSE,CDN global. Semántica distinta en la invalidación de caché (tiempos de propagación) y gestión de comportamientos (behaviors). Integración nativa profunda con S3 y WAF.,Global CDN. Cache invalidation semantics differ (granularity/propagation). OSS alternatives require caching/CDN tooling and typically a multi‑POP footprint.
CloudHSM,Dedicated HSM,Cloud HSM,SoftHSM,CLOSE,Hardware Security Module físico dedicado. No es multi-inquilino. Cumplimiento FIPS 140-2 Level 3. Azure ofrece hardware similar; en GCP es un servicio gestionado más abstracto.,Dedicated physical HSM. Not multi‑tenant. OSS SoftHSM is only a software substitute (not equivalent in tamper‑resistance/compliance).
CloudTrail,Activity Log,Cloud Audit Logs,auditd + syslog/ELK/Opensearch (aprox.),CLOSE,Auditoría de APIs/control-plane. Azure Activity Log y GCP Cloud Audit Logs son equivalentes cercanos; OSS requiere agregación/centralización de logs y controles (no 1:1).,API/control‑plane auditing. Azure Activity Log and GCP Cloud Audit Logs are close equivalents; event models and retention/integration differ.
CloudWatch,Azure Monitor,Cloud Monitoring,Prometheus / Grafana,CLOSE,"Observabilidad integrada. Para evitar lock-in usar stack OSS: Prometheus (métricas), Loki (logs) y Grafana (visualización).","Integrated observability. To avoid lock‑in, use an OSS stack (Prometheus/Grafana/Loki/OTel); native services differ in metrics/logs/traces unification and pricing."
CodeBuild,Azure Pipelines,Cloud Build,Jenkins / GitLab CI,CLOSE,Servicio de compilación gestionado. Enseña el concepto de agentes efímeros. Diferencias en la sintaxis de definición y límites de cómputo por build.,Managed build service. Teaches the agent/runner concept; OSS alternatives (Jenkins/GitLab CI) require self‑managed workers and scaling.
CodeCommit,Azure Repos,Cloud Source Repositories (legacy; end-of-sale 2024) / GitHub/GitLab,Gitea / GitLab,CLOSE,"Git gestionado. En GCP, Cloud Source Repositories dejó de estar disponible para nuevos clientes (end-of-sale 2024); alternativa práctica: GitHub/GitLab/Bitbucket. Git como protocolo mantiene portabilidad.","Managed Git. In GCP, Cloud Source Repositories is no longer available for new customers (end‑of‑sale 2024); practical alternatives: GitHub/GitLab/Bitbucket. Git as a protocol preserves portability."
CodeDeploy,Azure Pipelines,Cloud Build / Deploy,Ansible / Spinnaker,APPROX,Automatización de despliegue. Cambia drásticamente según el destino (Lambda vs EC2); requiere agentes instalados en el host. Spinnaker recomendado para despliegues complejos.,Deployment automation. It varies dramatically by target (Lambda vs EC2); requires agents installed on the host. Spinnaker is a common choice for complex deployments.
CodePipeline,Azure Pipelines,Cloud Build,ArgoCD / Tekton,CLOSE,Orquestador de CD. Diferencias en la gestión de estados entre etapas y disparadores. OSS: ArgoCD para patrones GitOps.,CD orchestrator. Differences include how state is modeled/managed across stages and integrations; OSS alternatives often rely on Git-based workflows or CI runners.
Cognito,Entra ID (B2C),Identity Platform,Keycloak / Auth0,CLOSE,Auth de usuarios finales. Difieren en flujos de federación OIDC/SAML y gestión de pools de identidad. Keycloak es el estándar OSS para evitar dependencia.,"End‑user authentication/identity. Federation flows (OIDC/SAML), MFA, and user‑pool features differ; OSS typically uses Keycloak/Auth0‑like patterns (with more integration work)."
Comprehend,Language Service,Natural Language AI,spaCy / NLTK,CLOSE,NLP gestionado para análisis de sentimiento y entidades. Útil si no se quiere entrenar modelos. OSS como spaCy requiere gestionar el alojamiento de la API.,"Managed NLP for sentiment, entities, and classification. Capabilities vary by language/model; OSS alternatives require model selection/training and operations (spaCy/HF)."
Connect,Dynamics 365 Customer Service (Omnichannel) / Azure Communication Services (según caso),"CCAI Platform / partners (Genesys, Twilio)",Twilio / Asterisk,APPROX,Contact Center (CCaaS). No hay gemelo 1:1; suele mapearse a plataformas de CCaaS + integración con canales/IVR/IA.,"Contact Center (CCaaS). No 1:1 twin; often maps to vendor platforms (e.g., Twilio/Five9) or cloud communication services + orchestration."
ControlTower,Landing Zones,Cloud Foundation Toolkit (Landing Zone) + Org Policy (aprox.),Terraform + policy-as-code (OPA/Conftest) + landing-zone modules,APPROX,Gobernanza multicuenta/landing zone. En AWS es Control Tower (guardrails/SCP). En Azure: Azure Landing Zone + Policy. En GCP: Cloud Foundation Toolkit + Organization Policy; SCC no es el equivalente directo.,Multi‑account governance / landing zone. In AWS it is Control Tower (guardrails/SCPs). In Azure: Azure Landing Zone + Policy. In GCP: Cloud Foundation Toolkit + Organization Policy; SCC is not the direct equivalent.
CouchBase,Couchbase Azure,Couchbase GCP,Couchbase Community Edition (source-available),APPROX,Tercero/managed (Couchbase Capella). En Azure/GCP se consume como SaaS del mismo vendor. La alternativa self-host (Community Edition) no es 1:1 en features/operación.,Third‑party managed service (Couchbase Capella). In Azure/GCP it is typically consumed as the same vendor offering; not a native 1:1 cloud service.
DataExchange,Data Share,Analytics Hub,CKAN (data portal/catalog),APPROX,Marketplace de datos. Varía el catálogo disponible y los métodos de suscripción o entrega de datasets de terceros.,Data marketplace/exchange. Available catalogs and onboarding methods vary across clouds; OSS typically depends on data catalogs and governance tooling.
DataPipeline,Data Factory,Cloud Data Fusion,Apache Airflow,APPROX,Orquestador de datos legacy. Servicio en mantenimiento; migrar a Glue o Airflow (MWAA). Cambia el patrón de tareas visuales a código.,Legacy data orchestrator. In maintenance mode; migrate to modern options (Step Functions/Glue/Airflow/Composer) depending on the pattern.
DeepLens,,,,,Dispositivo/hardware para edge AI (no servicio cloud core). Si buscas equivalentes funcionales: Jetson/Coral + framework (OpenCV/ONNX/OpenVINO) (aprox.).,Device/hardware for edge AI (not a core cloud service). Mark as NA; equivalents are usually edge camera + model deployment stacks.
Detective,Sentinel,Security Operations (Chronicle) / Security Command Center (aprox.),Security Onion / Wazuh (aprox.),APPROX,Investigación de seguridad (detección + análisis). Equivalencia por intención: SIEM/SecOps + correlación de eventos; no 1:1.,"Security investigation (detection + analysis). Functional equivalents exist, but data sources and workflows differ (e.g., Sentinel/Defender/SCC + SIEM)."
DevTools,Azure DevOps,Cloud Build,GitLab,APPROX,Conjunto de herramientas de desarrollo. No hay 1:1 total; cada nube agrupa estas utilidades de forma distinta.,"Suite of developer tools. No complete 1:1 mapping; depends on which components you consider (repos, CI/CD, artifacts, boards)."
DirectConnect,ExpressRoute,Cloud Interconnect,N/A (enlace dedicado carrier),CLOSE,Enlace dedicado (carrier) hacia la nube. Equivalencia por patrón (circuito privado). No hay OSS directo (depende de proveedor de conectividad).,"Dedicated private connectivity (carrier) into the cloud. Equivalent by connectivity pattern; OSS does not apply. Differences in bandwidth, SLA, and partner ecosystem."
DirectoryService,Entra Domain Services,Managed AD,Samba / FreeIPA,CLOSE,Active Directory gestionado. Fundamental para entornos Windows legacy. Enseña integración de identidades on-premise.,Managed Active Directory. Key for legacy Windows environments; highlights on‑prem identity integration patterns.
DMS,Database Migration Service,Database Migration,Debezium + Kafka Connect / Airbyte / pgloader,CLOSE,Migración de DB con replicación CDC. No es 1:1; la compatibilidad de motores varía. Requiere validar el esquema antes de sincronizar.,Database migration with CDC replication. Not 1:1; compatibility depends on source/target engines and supported change-capture modes.
DocumentDB,Cosmos DB (Mongo API),Firestore / Atlas,MongoDB,CLOSE,Compatible con MongoDB pero con semántica de almacenamiento distinta. Limitación: no soporta el 100% de operadores recientes; gestión de índices propietaria.,MongoDB‑compatible API but different storage semantics. Limitation: it does not support 100% of newer operators; index management is provider‑specific.
DynamoDB,Cosmos DB,Cloud Bigtable,ScyllaDB / Cassandra,CLOSE,NoSQL clave-valor. Cambia la semántica de consistencia: Cosmos DB ofrece 5 niveles frente a los 2 de DynamoDB (eventual/fuerte).,Key‑value NoSQL. Consistency semantics differ: Cosmos DB offers five consistency levels vs DynamoDB’s two (eventual/strong).
DynamoDBStream,Change Feed,Bigtable Streams,Kafka / Debezium,CLOSE,Captura de cambios (CDC). En Azure/GCP se integra en el servicio de DB; en OSS requiere Kafka. Diferencia en retención de eventos y garantías de ordenamiento.,Change data capture (CDC). In Azure/GCP it is typically integrated into the database service or stream platform (Cosmos/Spanner/Firestore + eventing).
EBS,Managed Disks,Persistent Disk,Longhorn / Rook,CLOSE,Almacenamiento de bloques persistente para VMs. Sin variaciones semánticas de uso; rendimiento facturado por reglas de tipo de volumen similares.,Persistent block storage for VMs. Similar usage semantics; performance/pricing differ by volume types and IOPS tiers.
EC2,Virtual Machines,Compute Engine,KVM / OpenStack,CLOSE,"VM/IaaS. Equivalencia cercana (instancias). Diferencias en tipos, red, discos y features (spot, placement, etc.).","VM/IaaS. Close equivalence (instances). Differences in instance families, networking, disks, and features (spot, placement, etc.)."
ECR,Container Registry,Artifact Registry,Harbor,CLOSE,"Registro de imágenes OCI. Equivalencia cercana; difieren features (scanning, IAM, replicación) según proveedor.","OCI container image registry. Close equivalent; differences in integrations, scanning, and retention policies."
ECS,Container Apps,Cloud Run,Nomad,CLOSE,Orquestación propietaria de contenedores. Patrón menos complejo que K8s pero con lock-in del plano de control. OSS: Nomad ofrece paridad operativa.,"Proprietary container orchestration. Pattern is simpler than Kubernetes; equivalents are managed container services (AKS/GKE, Container Apps/Cloud Run depending on scope)."
EFS,Azure Files,Cloud Filestore,NFS / GlusterFS,CLOSE,File system compartido (NFS). Permite consistencia POSIX para instancias concurrentes. Diferencias en límites de throughput burstable.,Shared file system (NFS). Provides POSIX‑like semantics; limits and performance/throughput scaling differ across providers.
EKS,AKS,GKE,Kubernetes,CLOSE,"Kubernetes gestionado. Equivalencia cercana; difiere integración IAM, add-ons, networking (CNI) y operación.","Managed Kubernetes. Close equivalent; differs in integrations, add‑ons, identity/IAM model, and networking defaults."
ElastiCache,Azure Cache for Redis,Memorystore,Redis / Memcached,CLOSE,"Caché en memoria. Utiliza motores OSS. Diferencias en la gestión de clusters, replicación geográfica y persistencia gestionada.","In‑memory cache. Uses OSS engines (Redis/Memcached). Differences are mainly in management features (replication, clustering, failover) and integrations."
ElasticTranscoder,Media Services,Transcoder API,FFmpeg,CLOSE,Servicio legacy; AWS recomienda MediaConvert. FFmpeg es la base técnica OSS. Patrón cambia de API serverless a procesamiento basado en trabajos.,"Legacy service; AWS recommends MediaConvert. FFmpeg is the OSS baseline, but you must build the pipeline (queues, storage, scaling) yourself."
ELB,Azure Load Balancer (L4) / Application Gateway (L7),Cloud Load Balancing,HAProxy / Nginx / Envoy,CLOSE,ELB (clásico) cubre L4/L7 según tipo. Equivalencia por patrón; para L7 se acerca a App Gateway/HTTP(S) LB.,"Classic ELB covers L4/L7 depending on type. Equivalent by load‑balancing pattern; capabilities differ from newer LBs (rules, TLS, WAF integrations)."
ElementalLive,Media Services,Live Stream API,OBS,APPROX,Codificación de video profesional. OSS (OBS) sirve para codificación básica en un nodo; el servicio cloud escala a transcodificación masiva distribuida.,"Professional live video encoding. OSS (OBS) can cover encoding, but not the full managed workflow/integration of broadcast‑grade pipelines."
EMR,HDInsight,Dataproc,Spark / Hadoop,CLOSE,Big Data gestionado. Abstrae clusters Hadoop/Spark. Los servicios en Azure/GCP son equivalentes 1:1. OSS Spark sobre K8s requiere orquestación manual.,Managed Big Data. Abstracts Hadoop/Spark clusters. Managed services reduce ops work; OSS equivalents are Hadoop/Spark stacks you operate yourself.
EventBridge,Event Grid,Eventarc,Apache Pulsar / RabbitMQ,CLOSE,Bus de eventos serverless. La semántica de filtrado y triggers nativos varían. OSS: Pulsar permite paridad en arquitecturas desacopladas complejas.,Serverless event bus. Native filtering and trigger semantics vary by provider. OSS: Pulsar can provide parity for complex decoupled architectures.
Fargate,Container Apps,Cloud Run,Nomad,CLOSE,Cómputo serverless para contenedores. Elimina la gestión de nodos. El límite de recursos y tiempo de arranque varían entre proveedores.,Serverless compute for containers. Removes node management. Resource limits and cold‑start behavior vary across providers.
Firehose,Event Hubs Capture,Cloud Dataflow,Kafka,CLOSE,"Ingesta de streaming a destinos finales. Requiere configurar buffers, reintentos y transformaciones que cambian según el SDK y la integración.","Streaming ingestion to final destinations. Requires configuration for buffering, transforms, and schemas. OSS: Kafka Connect plays a similar role."
FSX,NetApp Files,Cloud Filestore,Lustre / OpenZFS,CLOSE,"File systems especializados (Windows, Lustre). Semántica distinta en la gestión de metadatos y backups automáticos frente a OSS.","Specialized file systems (Windows, Lustre). Semantics differ in metadata management and automated backups compared with OSS/self‑managed options."
GlobalAccelerator,Front Door,Anycast IP,Anycast (BGP) + NGINX/Envoy (aprox.),APPROX,Optimización de red vía Anycast IP (Capa 3/4). No realiza caché; optimiza la latencia del tráfico TCP/UDP mediante el backbone del proveedor.,Network optimization via Anycast IP (Layer 3/4). It does not perform content caching; OSS equivalents are non‑trivial (BGP/anycast infrastructure).
Glue,Data Factory,Cloud Data Fusion,Apache Airflow / Spark,APPROX,"ETL serverless + Catálogo. Glue combina Spark con Data Catalog. En Azure/GCP, catálogo y ETL suelen ser servicios separados con integración manual.",Serverless ETL + Catalog. Glue combines Spark execution with a Data Catalog; OSS requires Spark + a metastore/catalog (Hive/Glue‑like) and orchestration.
Grafana,Azure Managed Grafana,Managed Service for Grafana,Grafana,CLOSE,"Servicio gestionado basado en Grafana. Equivalencia cercana; difiere en integración IAM, alerting, y límites del servicio gestionado vs OSS autogestionado.","Managed service based on Grafana. Close equivalent; differences are in auth, plugin availability, scaling, and managed operations."
Greengrass,IoT Edge,IoT Core Edge,KubeEdge / EdgeX,APPROX,Extiende capacidades cloud a dispositivos locales. Diferencia semántica en runtime (Lambda vs Edge runtime). Depende de capacidad del hardware.,"Extends cloud capabilities to on‑prem/edge devices. Packaging, device management, and runtime model differ across platforms; OSS requires assembling edge runtime + orchestration."
GuardDuty,Microsoft Defender,Security Command Center,Falco / Wazuh,APPROX,Detección de amenazas inteligente. Cobertura de logs y algoritmos de anomalías varían; no hay paridad 1:1 en tipos de hallazgos.,Managed threat detection. Log coverage and detection algorithms differ; OSS requires SIEM/EDR tooling and curated detection rules.
IAM,Entra ID,Cloud IAM,Keycloak,CLOSE,"Identidad y permisos. Diferencia crítica en jerarquía: AWS es plano por cuenta; GCP usa organización/proyecto, cambiando el patrón de herencia.","Identity and permissions. Critical hierarchy difference: AWS is mostly account‑flat; GCP uses org/project, changing inheritance and policy patterns."
Inspector,Defender for Cloud,Artifact Registry vulnerability scanning + Security Command Center (aprox.),OpenVAS / Clair,APPROX,Escaneo de vulnerabilidades (hosts/containers/imágenes). En GCP se aproxima con scanning en Artifact Registry/Container Analysis + findings en SCC.,"Vulnerability scanning (hosts/containers/images). In other clouds it maps to security posture + scanning services; OSS tools (e.g., Trivy) require integration into CI/runtime."
IoT1Click,IoT Central,(sin equivalente nativo) Pub/Sub + Cloud Run/Functions + dispositivo/partner (aprox.),ThingsBoard / ChirpStack (aprox.),APPROX,Abstracción para dispositivos tipo ‘1-click’. No hay equivalente directo; se arma con IoT/mensajería + triggers/workflows.,Abstraction for “one‑click” devices. No direct equivalent; built with IoT messaging + triggers/workflows.
IoTAnalytics,Time Series Insights,BigQuery,Apache Druid,APPROX,Pipeline para datos IoT. Diferencia de patrón: requiere pre-procesamiento. Para tiempo real -> Druid; para histórico masivo -> BigQuery.,Pipeline/analytics for IoT data. Pattern differs: often requires pre‑processing/ETL + storage + analytics; OSS is typically a time‑series DB + stream processing stack.
IoTCore,IoT Hub,(IoT Core retirado) MQTT broker partner (EMQX/HiveMQ) + Pub/Sub (aprox.),Mosquitto,APPROX,Google Cloud IoT Core fue retirado (agosto 2023); en GCP se reemplaza con brokers/partners + Pub/Sub + procesamiento (Cloud Run/Functions).,Google Cloud IoT Core was retired (Aug 2023); in GCP it is replaced with partner brokers + Pub/Sub + processing (Cloud Run/Functions).
Kendra,Cognitive Search,Vertex AI Search,Elasticsearch / Solr,APPROX,Búsqueda empresarial con ML. Abstrae indexación semántica. OSS requiere configurar embeddings y modelos de lenguaje manualmente para paridad.,Enterprise search with ML. Abstracts semantic indexing. OSS requires a search engine (OpenSearch/Elasticsearch) plus vector/ML components.
Kinesis,Event Hubs,Cloud Pub/Sub,Apache Kafka,CLOSE,Streaming masivo. Patrón de retención basado en log. Kinesis usa Shards; Event Hubs Partitions. Cambia la semántica de escalado manual vs automático.,High‑throughput streaming. Log‑retention pattern. Kinesis uses shards; Event Hubs uses partitions. Scaling semantics differ (manual vs automatic).
KinesisAnalytics,Stream Analytics,Cloud Dataflow,Apache Flink,CLOSE,Análisis SQL/Java sobre streams. OSS Flink es el estándar; implementaciones cloud limitan funciones de estado para simplificar gestión.,SQL/Java analytics over streams. OSS Flink is the standard; cloud offerings may limit stateful features to simplify operations.
KinesisDataStream,Event Hubs,Cloud Pub/Sub,Kafka,CLOSE,Ingesta de baja latencia con orden garantizado. Permite múltiples consumidores independientes leyendo el mismo stream histórico.,Low‑latency ingestion with ordering. Supports multiple consumers; consumer models differ from Pub/Sub/partitions in other platforms.
KinesisVideo,Media Services,Video Intelligence,GStreamer / WebRTC,APPROX,"Streaming de video para análisis IA. Patrón optimizado para Computer Vision, no para broadcasting masivo. Requiere SDKs específicos de ingesta.",Video streaming for AI/analytics. Optimized ingestion pattern; OSS typically uses RTSP/WebRTC + storage + processing pipelines you manage.
KMS,Key Vault,Cloud KMS,HashiCorp Vault,CLOSE,Gestión de llaves. Diferencia en aislamiento hardware (FIPS 140-2 Level 2/3). Semántica distinta en rotación automática y políticas de acceso.,"Key management. Differences in hardware isolation/compliance (e.g., FIPS levels). Automatic rotation and access‑policy semantics also differ."
LakeFormation,Purview,Dataplex,Apache Atlas,APPROX,"Gobernanza de Data Lake. Capa de permisos finos sobre S3/Glue. En Azure/GCP, gobierno y seguridad están más fragmentados entre servicios distintos.",Data lake governance. Adds fine‑grained permissions over S3/Glue; other clouds use combinations of catalog + IAM + policy. OSS requires catalog + policy enforcement tooling.
Lambda,Azure Functions,Cloud Functions,OpenFaaS / Knative,CLOSE,"FaaS (Serverless). Enseña ejecución efímera. Diferencias críticas en triggers, límites de memoria/timeout y manejo de concurrencia reservada.","FaaS (serverless). Teaches ephemeral execution. Critical differences in triggers, memory/timeout limits, and reserved concurrency handling."
LambdaAtEdge,Azure Front Door + Azure Functions (aprox.),Cloud CDN + Cloud Functions/Cloud Run (aprox.),OpenFaaS / Knative (edge) + CDN (aprox.),APPROX,Ejecución de lógica en el borde (CDN). No hay 1:1 perfecto; se aproxima integrando CDN + funciones/servicios serverless cercanos al edge.,Run logic at the edge (CDN). No perfect 1:1; approximated by combining CDN + functions/serverless services close to the edge.
Lex,Bot Service,Dialogflow,Rasa,CLOSE,Motor de Chatbots (ASR/NLP). Diferencia semántica en gestión de Intents/Slots. Rasa es recomendado para privacidad total de datos de diálogo.,"Chatbot engine (ASR/NLP). Semantics differ in intent/entity management, language support, and channel integrations."
LookoutForVision,Cognitive Vision,Vertex Vision,TensorFlow,APPROX,IA para defectos industriales. Cambia de entrenamiento manual a transfer learning gestionado con pocos ejemplos (few-shot).,Industrial defect detection AI. Shifts from manual training to AutoML‑style workflows; data labeling and model lifecycle differ across platforms.
Macie,Microsoft Purview,Sensitive Data Protection,OpenDLP / Apache Tika + YARA (aprox.),APPROX,Descubrimiento de PII en S3 mediante ML. En Azure/GCP escaneo es transversal a múltiples servicios; Macie está optimizado y limitado a S3.,PII discovery in S3 using ML. In Azure/GCP you typically scan object storage with DLP services; coverage and classifiers differ.
MAM,Intune (MAM),Endpoint Management,N/A (MAM suele ser propietario),APPROX,Gestión de aplicaciones móviles. AWS no tiene servicio dedicado; usa AppConfig/Device Farm. Intune es líder funcional para políticas de contenedores.,"Mobile application management. AWS has no dedicated MAM; it relies on adjacent tools (e.g., AppConfig/Device Farm). Intune is the functional leader for policy/containerization."
MediaConnect,Media Services,Live Stream API,Zixi / RIST,APPROX,Transporte de video de alta calidad. Depende del soporte de protocolos específicos (Zixi/RIST) en puntos de ingesta de otros proveedores.,High‑quality video transport. Equivalence depends on protocol support and managed ingest/egress features; OSS requires building the transport + monitoring pipeline.
MediaConvert,Media Services,Transcoder API,FFmpeg,CLOSE,Transcodificación de video basada en archivos. Escala mediante arquitectura de jobs distribuidos. OSS FFmpeg requiere orquestación manual para paridad.,File‑based video transcoding. Scales as a managed service; OSS uses FFmpeg with job orchestration and autoscaling you manage.
MediaLive,Media Services,Live Stream API,VideoLAN / OBS,CLOSE,"Codificación en vivo. AWS separa estrictamente Live de Convert; GCP/Azure tienden a unificarlo en una sola API, simplificando el flujo.","Live encoding. AWS separates Live encoding from file conversion; provider feature sets differ (inputs, redundancy, outputs)."
MediaPackage,Media Services,Live Stream API (packaging/DRM) (aprox.),Shaka Packager (aprox.),APPROX,"Packaging/origin de streaming (HLS/DASH, DRM). Equivalencia aproximada porque el feature-set y DRM/integraciones varían.","Streaming packaging/origin (HLS/DASH, DRM). Close equivalent by streaming pattern; DRM/licensing and integration details differ."
MediaStore,Blob Storage,Cloud Storage,MinIO / Ceph RGW + CDN (aprox.),APPROX,Almacenamiento optimizado para media/streaming con baja latencia. En otros clouds se usa object storage + CDN; OSS requiere object store + CDN/caching.,Media/streaming‑optimized storage with low latency. In other clouds this is often object storage + CDN; OSS requires an object store + CDN/caching.
MemoryDB,Azure Cache for Redis,Memorystore,Redis (Durable),CLOSE,Redis como DB primaria con durabilidad total. Diferente a ElastiCache. OSS requiere Redis con persistencia AOF habilitada y backups frecuentes.,"Redis as a primary database with full durability. Different from ElastiCache (cache‑first); semantics for persistence, replication, and failover differ."
ModelRegistry,ML Registry,Vertex AI Model Registry,MLflow,CLOSE,Gestión de versiones de modelos. AWS integra en SageMaker. OSS MLflow es la recomendación técnica para evitar lock-in de plataforma.,Model version/registry management. AWS ties this into SageMaker; OSS equivalents include MLflow Model Registry and similar MLOps tooling.
MongoDBAtlas,MongoDB Atlas,MongoDB Atlas,MongoDB Community / Percona Server for MongoDB,CLOSE,SaaS gestionado por MongoDB (Atlas) disponible en múltiples nubes. Alternativa OSS/self-host: MongoDB Community/Percona (no 1:1 en operación/servicios gestionados).,MongoDB‑managed SaaS (Atlas) available across multiple clouds. Typically the same vendor product rather than a native 1:1 cloud service.
MSK,HDInsight (Kafka),Managed Kafka,Apache Kafka,CLOSE,"Kafka gestionado. Paridad alta (mismo motor). Diferencias en gestión de conectores, registro de esquemas y versiones disponibles por proveedor.","Managed Kafka. High parity (same engine). Differences are in authentication, scaling/partition management, and managed operations."
NAT,NAT Gateway,Cloud NAT,iptables / Squid,CLOSE,Salida a internet de red privada. GCP ofrece modelo automatizado; AWS/Azure requieren configuración manual por subred o VNet.,Egress to the internet from a private network. GCP offers more automated NAT; AWS/Azure often require per‑subnet/VNet configuration.
Neptune,Cosmos DB (Gremlin),Spanner Graph,JanusGraph / Neo4j,CLOSE,DB de grafos (Property Graph/RDF). Neptune soporta ambos; Cosmos se centra en Gremlin. Semántica de consultas SPARQL vs Cypher varía.,Graph database (Property Graph/RDF). Neptune supports both; Cosmos DB is mainly property graph. Query languages and RDF support differ.
NLB,Load Balancer (L4),Cloud Load Balancing (L4),IPVS / Keepalived,CLOSE,Balanceo en capa 4 para tráfico TCP/UDP de ultra-baja latencia. Capacidad de manejar picos de tráfico sin pre-warm previo.,Layer‑4 load balancing for ultra‑low‑latency TCP/UDP traffic. Close equivalent by pattern; feature and health‑check behaviors differ.
OnPremDC,Azure Stack,Google Distributed Cloud,OpenStack,APPROX,Extensión a centros de datos locales. Patrón varía de extensiones de red (Direct Connect) a racks físicos completos (Outposts).,"Extension to on‑prem data centers. The pattern ranges from network extensions (private links) to full managed racks (e.g., Outposts)."
OpenSearch,Elasticsearch Service,Elasticsearch Service,OpenSearch,CLOSE,Fork de Elasticsearch gestionado. Misma semántica de indexación. OSS OpenSearch evita licencias restrictivas de Elastic para laboratorios.,"Managed Elasticsearch fork. Similar indexing/query semantics; differences relate to version compatibility, plugins, and managed features."
Organizations,Management Groups,Resource Manager,N/A (gobernanza de cuentas cloud),CLOSE,Gobernanza multicuenta. AWS usa SCPs; Azure Blueprints/Management Groups; GCP jerarquías. Cambia el patrón de herencia de políticas corporativas.,Multi‑account governance. AWS uses SCPs; Azure uses Management Groups/Policy; GCP uses org hierarchy. Policy inheritance patterns differ.
Outpost,Azure Stack Hub,Distributed Cloud,N/A (hardware),CLOSE,"Hardware gestionado en datacenter local. AWS opera el rack; Azure Stack permite hardware de terceros certificados, cambiando el modelo de soporte.","Managed hardware deployed in a local data center. AWS operates the rack; Azure Stack supports certified third‑party hardware, changing the support/ops model."
Pinpoint,Mobile Engagement,Firebase (FCM),Mautic / PostHog (aprox.),APPROX,Engagement de usuarios. GCP lidera mediante Firebase. Pinpoint está orientado a campañas masivas; Firebase a analítica e interacción de la App.,"User engagement/messaging. GCP often centers this on Firebase. Capabilities differ across channels, segmentation, and analytics integrations."
Polly,Speech Service (TTS),Text-to-Speech,Coqui TTS,CLOSE,Texto a voz con IA. Soporte SSML y voces neuronales. OSS Coqui TTS es la recomendación técnica para control total del modelo de síntesis.,"AI text‑to‑speech. Supports SSML and neural voices. OSS (e.g., Coqui TTS) requires model hosting and voice quality varies."
PrivateLink,Private Link,Private Service Connect,Istio/Linkerd + mTLS + internal LB (aprox.),CLOSE,Conectividad privada a servicios (endpoint). Azure Private Link y GCP Private Service Connect son equivalentes cercanos; OSS solo aproxima el patrón con service mesh/mTLS + routing.,"Private connectivity to services (private endpoints). Azure Private Link and GCP Private Service Connect follow the same pattern; differences are in endpoint types, DNS integration, and cross‑network sharing."
QLDB,Azure SQL Database Ledger (ledger tables) (aprox.),Blockchain Node Engine (approx.) / Cloud SQL + tamper-evident logs,Hyperledger Fabric / ImmuDB,APPROX,"Ledger/tamper-evident. No hay 1:1 en GCP; se aproxima con managed blockchain o logs inmutables (p.ej., immudb) + DB. En Azure existen ledger tables.","Ledger / tamper‑evident store. No 1:1 service in GCP; can be approximated with managed blockchain or immutable logs (e.g., immudb) + a database. Azure offers ledger tables."
QuickSight,Power BI,Looker,Apache Superset / Metabase,CLOSE,Herramienta de BI. Power BI domina en Azure por integración Office. OSS Superset es opción técnica para visualización masiva sin licencias.,"BI tool. Power BI dominates in Azure due to ecosystem integration; in GCP the common counterpart is Looker. OSS alternatives require self‑hosting (e.g., Metabase/Superset)."
RAM,Lighthouse / Shared VNet,Shared VPC / IAM,N/A (feature nativo cloud),APPROX,Compartición de recursos entre cuentas. Azure/GCP gestionan mediante jerarquías; no existe servicio independiente para compartir subredes o catálogos.,Resource sharing across accounts. Azure/GCP manage this via IAM/org constructs; the sharing primitives and policy inheritance differ.
RDS,Azure SQL / DB for MySQL,Cloud SQL,PostgreSQL / MySQL,CLOSE,"DB relacional gestionada. Patrón de administración (HA, parches, backups) universal. OSS: Operadores como CloudNativePG ofrecen paridad.","Managed relational database. Close equivalent by operational pattern (HA, patching, backups); differences are in engine versions, features, and scaling options."
RedShift,Synapse Analytics,BigQuery,ClickHouse,CLOSE,DW columnar. BigQuery es serverless; RedShift suele requerir gestión de nodos. OSS ClickHouse es alternativa para analítica OLAP de alto rendimiento.,"Columnar data warehouse. BigQuery is serverless, while Redshift often involves node management. OSS ClickHouse is a strong alternative for high‑performance OLAP analytics."
Rekognition,Vision AI,Vision AI,OpenCV / TensorFlow,CLOSE,Análisis de imagen/video pre-entrenado. Capacidades de detección varían según dataset. OSS requiere entrenamiento y gestión manual de modelos.,Pre‑trained image/video analysis. Detection capabilities vary by dataset/model. OSS requires training/hosting models and managing the pipeline.
RoboMaker,ROS on Azure (VM/AKS) + simulación (Gazebo/Ignition) (aprox.),ROS on GKE/VM + simulación (Gazebo/Ignition) (aprox.),ROS (Robot Operating System),APPROX,Simulación y tooling para robótica. No hay 1:1 como servicio managed; se implementa sobre compute/K8s con stack ROS.,Robotics simulation and tooling. No 1:1 as a managed cloud service; typically built with ROS + simulators (Gazebo/Ignition) plus CI/compute.
Route53,Azure DNS,Cloud DNS,CoreDNS / Bind9,CLOSE,DNS gestionado. AWS incluye registro de dominios y ruteo complejo (geo/failover) que otros replican con nombres distintos pero semántica idéntica.,Managed DNS. AWS includes domain registration and advanced routing policies; feature sets and routing semantics differ across providers.
S2SVPN,VPN Gateway,Cloud VPN,StrongSwan / OpenVPN,CLOSE,"VPN sitio-a-sitio (IPsec). Equivalencia cercana; difieren opciones de routing (BGP), throughput, HA y límites.","Site‑to‑site VPN (IPsec). Close equivalent; differs in routing options (BGP), throughput, HA, and limits."
S3,Blob Storage,Cloud Storage,MinIO,CLOSE,"Object storage. Equivalencia cercana (API/semántica difiere: consistencia, IAM/policies, storage classes). OSS típicos: MinIO/Ceph RGW.","Object storage. Close equivalent (APIs/semantics differ: consistency, IAM/policies, storage classes). Common OSS options: MinIO / Ceph RGW."
SageMaker,Azure Machine Learning,Vertex AI,Kubeflow,CLOSE,Plataforma E2E de MLOps. OSS Kubeflow sobre Kubernetes es la vía para enseñar el ciclo de vida de ML evitando lock-in de plataforma.,"End‑to‑end MLOps platform. OSS Kubeflow on Kubernetes is the closest pattern, but parity requires assembling multiple components (training, registry, pipelines, deploy)."
SageMakerGroundTruth,ML Labeling,Vertex AI Labeling,Label Studio,CLOSE,Etiquetado de datos. AWS integra Mechanical Turk. OSS Label Studio es la herramienta técnica para gestión de datasets personalizados.,Data labeling. AWS integrates Mechanical Turk. OSS Label Studio covers workflows but requires hosting and workforce/process management.
SAP,SAP on Azure,SAP on GCP,N/A (software propietario),CLOSE,SAP es software propietario (workload). Equivalencia por el mismo producto en cada nube (SAP on Azure / SAP on Google Cloud). No hay alternativa OSS 1:1.,SAP is proprietary software (a workload). Equivalence is about running the same SAP stack on each cloud; not a cloud‑native service twin.
SecretsManager,Key Vault (Secrets),Secret Manager,HashiCorp Vault,CLOSE,Gestión de secretos. AWS ofrece rotación nativa RDS. OSS HashiCorp Vault es el estándar para gestión agnóstica a la nube.,"Secrets management. AWS offers native rotation for some services (e.g., RDS). OSS HashiCorp Vault provides similar primitives but needs integration/operations."
SecurityHub,Defender for Cloud,Security Command Center,Wazuh / OpenSearch SIEM (aprox.) + policy-as-code,APPROX,Centro de postura de seguridad. Semántica distinta: AWS se enfoca en cumplimiento (CIS/PCI); Azure en protección activa contra amenazas.,"Security posture hub. Different semantics: AWS aggregates findings across services; other clouds center around posture management + SIEM. Mapping is functional, not 1:1."
ServerlessApplicationRepository,Serverless Solutions,Cloud Marketplace / templates (aprox.),Helm Charts,APPROX,Catálogo de apps serverless. En GCP lo más parecido es Marketplace y plantillas/artefactos; no hay 1:1 exacto.,Catalog of serverless applications. In GCP the closest is Marketplace templates; OSS equivalents are Helm charts/templates and internal catalogs.
ServiceCatalog,Managed Applications,Service Catalog,Backstage (service catalog) + templates,APPROX,Gobierno de servicios de TI autorizados. Permite lanzar recursos pre-aprobados. Semántica distinta en gestión de versiones de catálogos.,"Governance for approved IT services. Lets users launch compliant templates; equivalents exist via IaC catalogs/portals, but workflows differ."
ServiceNow,ServiceNow,ServiceNow,GLPI / iTop (aprox.),APPROX,ITSM SaaS (3P). Es el mismo vendor en cualquier nube; OSS solo ofrece aproximaciones (no paridad 1:1).,ITSM SaaS (third‑party). Same vendor across clouds; OSS substitutes are heavier to run and rarely match full ITSM breadth.
SES,Communication Services,(sin servicio nativo) SendGrid/Mailgun (3P) + SMTP (aprox.),Postfix / Mail-in-a-Box,CLOSE,"Email transaccional/masivo. GCP no ofrece un SES nativo; se usa 3P (p.ej., SendGrid) o SMTP. OSS: Postfix solo cubre envío básico (deliverability requiere más).","Transactional/bulk email. GCP has no native SES; typically use third‑party (e.g., SendGrid) or SMTP. OSS: Postfix covers basic sending, but deliverability requires much more."
Shield,DDoS Protection,Cloud Armor,N/A (mitigación DDoS es mayormente SaaS/infra),APPROX,"Protección DDoS L3/L4. Azure DDoS Protection y GCP Cloud Armor cubren parte del patrón, pero difieren (network vs app-layer). No hay OSS real equivalente a escala; típicamente se recurre a proveedores de red/CDN.","Layer‑3/4 DDoS protection. Azure DDoS Protection and GCP Cloud Armor cover parts of the pattern, but differ (network vs app‑layer). No real OSS equivalent at scale; usually relies on network/CDN providers."
ShieldAdvanced,DDoS Protection Standard,Cloud Armor (Managed),N/A (mitigación DDoS avanzada),APPROX,DDoS con soporte/SLAs avanzados. No hay OSS equivalente. Mapeo aproximado a tiers avanzados de protección DDoS/WAF.,DDoS protection with advanced support/SLAs. No OSS equivalent. Approximate mapping to advanced tiers of DDoS/WAF protection.
SNS,Notification Hubs,Cloud Pub/Sub,Apache Pulsar,CLOSE,"Mensajería Pub/Sub. SNS soporta múltiples protocolos (SMS, Email, Lambda). GCP es un stream genérico; Azure se especializa en push móvil.","Pub/Sub messaging. SNS supports multiple protocols (SMS, email, Lambda). GCP Pub/Sub is a general bus; Azure has more specialized push/mobile options."
SQS,Queue Storage,Cloud Pub/Sub,RabbitMQ,CLOSE,Colas para desacoplamiento. Diferencia: SQS usa visibilidad temporal; GCP Pub/Sub usa ack/nack. SQS es estrictamente cola; Pub/Sub es bus.,"Queues for decoupling. Key difference: SQS uses visibility timeouts; GCP Pub/Sub uses ack/nack. SQS is strictly a queue, while Pub/Sub is a bus."
StepFunctions,Logic Apps,Workflows,Temporal.io,APPROX,Orquestación de máquinas de estado. Logic Apps es visual; Step Functions es declarativo vía JSON. Difieren en gestión de estados y timeouts.,"State‑machine orchestration. Logic Apps is more visual; Step Functions is declarative (JSON). They differ in state handling, timeouts, and integrations."
StorageGateway,Azure File Sync,Storage Transfer Service,rclone / MinIO gateway / Samba + caching (aprox.),APPROX,Puente storage híbrido. AWS incluye modos de volumen y cinta virtual (VTL) que Azure/GCP no replican nativamente en un solo servicio.,Hybrid storage bridge. AWS includes volume and virtual tape library (VTL) modes that Azure/GCP do not replicate natively within a single service.
STS,Microsoft Entra ID (OIDC/OAuth2) + Managed Identities (aprox.),Workload Identity Federation / STS token exchange (aprox.),Keycloak / Dex (OIDC) (aprox.),APPROX,Tokens temporales/assume-role. Es un patrón de identidad/federación más que un servicio único en otros clouds; equivalencia aproximada.,Temporary tokens / assume‑role. It is an identity/federation pattern rather than a single standalone service in other clouds; approximate equivalence.
SystemsManager,Automation / Update Mgmt,Guest Config,Ansible / SaltStack,APPROX,Gestión de flotas. AWS unifica parches e inventario en un agente; Azure/GCP fragmentan funciones en múltiples servicios independientes.,Fleet management. AWS unifies patching and inventory via an agent; Azure/GCP split similar capabilities across multiple independent services.
Textract,Form Recognizer,Document AI,Tesseract,CLOSE,OCR inteligente. Enseña extracción estructurada. OSS Tesseract provee OCR base pero requiere modelos adicionales para estructurar datos.,Intelligent OCR. Teaches structured extraction. OSS Tesseract provides baseline OCR but needs additional models/rules to structure data.
ThirdParty,-,-,-,,Marcador para servicios/proveedores externos (no corresponde mapear).,Marker for external third‑party services/providers (should not be mapped).
Timestream,Data Explorer,BigQuery (Time Series),InfluxDB / TimescaleDB,CLOSE,DB de series temporales gestionada. Optimizada para métricas. OSS InfluxDB es estándar para paridad técnica y portabilidad.,Managed time‑series database. Optimized for metrics. OSS InfluxDB is a common choice for technical parity and portability.
Transcribe,Speech Service,Speech-to-Text,OpenAI Whisper,CLOSE,Audio a texto con IA. APIs comparables en semántica. OSS Whisper es referencia técnica para paridad de precisión en laboratorios.,Speech‑to‑text with AI. Comparable APIs at the semantic level. OSS Whisper is a strong technical reference for lab‑level accuracy parity.
TransferFamily,SFTP for Blob Storage,Storage Transfer Service,ProFTPD,CLOSE,"SFTP gestionado directo a storage. Azure ofrece SFTP nativo en Blob; GCP requiere adaptadores, cambiando el patrón de acceso.","Managed SFTP directly into storage. Azure offers native SFTP in Blob; GCP requires adapters, changing the access pattern."
TransitGateway,Virtual WAN,Network Connectivity Center,FRRouting/BGP + VyOS/pfSense (aprox.),CLOSE,Hub de red regional. AWS TGW actúa como router virtual; Azure vWAN es solución orquestada global. Enseña topologías hub-and-spoke.,Regional network hub. AWS TGW acts as a virtual router; Azure vWAN is a more globally orchestrated solution. Teaches hub‑and‑spoke topologies.
Translate,Translator,Cloud Translation,LibreTranslate,CLOSE,Traducción dinámica con IA. Semántica sin variaciones; interfaces REST estándar para aplicaciones distribuidas globales.,On‑the‑fly machine translation. Semantics are similar; standard REST interfaces enable globally distributed applications.
VPC,Virtual Network (VNet),VPC Network,OVN,CLOSE,Aislamiento de red. Diferencia crítica: VPC en AWS/Azure es regional; en GCP es global por defecto. Fundamental para seguridad perimetral.,Network isolation. Critical difference: AWS/Azure VPC/VNet are regional; GCP VPC is global by default. Fundamental for perimeter security design.
VPCPeering,VNet Peering,VPC Network Peering,N/A (peering es feature cloud); similar: WireGuard/IPsec,CLOSE,Conexión privada entre redes. Patrón idéntico: tráfico no transita por internet pública y mantiene latencia interna del backbone.,Private connectivity between networks. Same pattern: traffic does not traverse the public internet and keeps backbone‑level latency characteristics.
VPN,VPN Gateway,Cloud VPN,OpenVPN / WireGuard,CLOSE,Tunelización IPsec. Estándar universal. Diferencias en límites de throughput y soporte de BGP entre gateways físicos y virtuales.,IPsec tunneling. Universal standard. Differences are in throughput limits and BGP support between physical and virtual gateways.
WAF,Azure WAF,Cloud Armor,ModSecurity,CLOSE,"Firewall capa 7 contra OWASP. Difieren en lógica de inspección, gestión de falsos positivos y costos por regla procesada.","Layer‑7 firewall against OWASP threats. Differences lie in inspection logic, false‑positive management, and per‑rule processing costs."
WorkSpaces,Azure Virtual Desktop,VDI partners / ChromeOS VDI / (dev) Cloud Workstations (según caso),Apache Guacamole (aprox.),APPROX,VDI gestionado. En GCP suele resolverse con partners o entornos de trabajo gestionados; OSS: Guacamole ofrece acceso remoto pero no es 1:1.,Managed VDI. In GCP it is often handled via partners or managed workspaces; OSS: Guacamole provides remote access but is not 1:1.
XRay,Application Insights,Cloud Trace,Jaeger / Zipkin,CLOSE,Trazabilidad distribuida. Enseña flujo de peticiones en microservicios. OSS OpenTelemetry evita dependencia de SDKs propietarios.,Distributed tracing. Teaches request flows in microservices. OSS OpenTelemetry avoids dependence on proprietary SDKs.
